{
  "version": 1,
  "author": "Uri Shaked",
  "editor": "wokwi",
  "parts": [
    {
      "type": "wokwi-breadboard-mini",
      "id": "bb2",
      "top": -8.7,
      "left": 531.5,
      "rotate": 90,
      "attrs": { "color": "#575756" }
    },
    { "type": "board-esp32-devkit-c-v4", "id": "esp", "top": 67.2, "left": 417.64, "attrs": {} },
    {
      "type": "board-ssd1306",
      "id": "oled1",
      "top": -35.26,
      "left": 413.03,
      "attrs": { "i2cAddress": "0x3c" }
    },
    {
      "type": "wokwi-hc-sr04",
      "id": "ultrasonic1",
      "top": -36.9,
      "left": 207.1,
      "attrs": { "distance": "201" }
    },
    {
      "type": "wokwi-led-bar-graph",
      "id": "bargraph1",
      "top": 158.4,
      "left": 590.4,
      "attrs": { "color": "lime" }
    },
    {
      "type": "wokwi-pushbutton",
      "id": "btn2",
      "top": 83,
      "left": 585.6,
      "attrs": { "color": "grey", "xray": "1" }
    }
  ],
  "connections": [
    [ "esp:TX", "$serialMonitor:RX", "", [] ],
    [ "esp:RX", "$serialMonitor:TX", "", [] ],
    [ "esp:22", "oled1:SCL", "orange", [ "h28.8", "v-163.2", "h-77.1" ] ],
    [ "oled1:SDA", "esp:21", "orange", [ "v-9.6", "h57.67", "v182.4" ] ],
    [ "oled1:GND", "esp:GND.2", "black", [ "v-28.8", "h76.8", "v153.6" ] ],
    [ "oled1:VCC", "esp:3V3", "red", [ "v-9.6", "h-57.45", "v134.4" ] ],
    [ "ultrasonic1:VCC", "esp:5V", "red", [ "v0" ] ],
    [ "ultrasonic1:TRIG", "esp:12", "#8f4814", [ "v0" ] ],
    [ "ultrasonic1:ECHO", "esp:14", "#8f4814", [ "v0" ] ],
    [ "ultrasonic1:GND", "esp:GND.1", "black", [ "v0" ] ],
    [ "esp:GND.3", "bargraph1:C1", "black", [ "h134.4", "v9.6" ] ],
    [ "esp:GND.3", "bargraph1:C2", "black", [ "h134.4", "v19.2" ] ],
    [ "esp:GND.3", "bargraph1:C3", "black", [ "h134.4", "v28.8" ] ],
    [ "esp:GND.3", "bargraph1:C4", "black", [ "h134.4", "v38.4" ] ],
    [ "esp:GND.3", "bargraph1:C5", "black", [ "h134.4", "v48" ] ],
    [ "bargraph1:A1", "esp:2", "white", [ "h-38.4", "v67.2" ] ],
    [ "esp:4", "bargraph1:A2", "gray", [ "h38.4", "v-38.4" ] ],
    [ "bargraph1:A3", "esp:5", "violet", [ "h0" ] ],
    [ "bargraph1:A4", "esp:15", "magenta", [ "h-38.4", "v48" ] ],
    [ "bargraph1:A5", "esp:16", "purple", [ "h0" ] ],
    [ "bb2:15t.b", "esp:19", "orange", [ "h28.8", "v28.8", "h-144", "v19.2" ] ],
    [ "esp:GND.2", "bb2:13b.i", "black", [ "v0" ] ],
    [ "btn2:1.l", "bb2:13b.h", "", [ "$bb" ] ],
    [ "btn2:2.l", "bb2:15b.h", "", [ "$bb" ] ],
    [ "btn2:1.r", "bb2:13t.c", "", [ "$bb" ] ],
    [ "btn2:2.r", "bb2:15t.c", "", [ "$bb" ] ]
  ],
  "dependencies": {}
}